52,Montravius Adams,AdamMo00
29,Paulson Adebo,AdebPa00
5,Kwon Alexander,AlexKw00
40,Alex Armah,ArmaAl00
72,Terron Armstead,ArmsTe00
14,Kawaan Baker,BakeKa00
53,Zack Baun,BaunZa00
65,Caleb Benenoch,BeneCa00
16,Ian Book,BookIa00
91,Josiah Bronson,BronJo01
1,Marquez Callaway,CallMa01
77,James Carpenter,CarpJa00
64,Will Clapp,ClapWi00
25,Ken Crawley,CrawKe02
92,Marcus Davenport,DaveMa00
56,Demario Davis,DaviDe00
50,Andrew Dowell,DoweAn00
55,Kaden Elliss,ElliKa00
,Sharif Finch,FincSh00
22,Chauncey Gardner-Johnson,GardCh00
4,Blake Gillikin,GillBl00
96,Carl Granderson,GranCa01
48,J.T. Gray,GrayJ.00
45,Garrett Griffin,GrifGa00
42,Chase Hansen,HansCh02
11,Deonte Harris,HarrDe07
38,Jeff Heath,HeatJe00
7,Taysom Hill,HillTa00
80,Chris Hogan,HogaCh00
57,Jalyn Holmes,HolmJa01
,Braxton Hoyett,HoyeBr01
60,Albert Huggins,HuggAl01
84,Lil'Jordan Humphrey,HumpLi01
74,James Hurst,HursJa00
14,Mark Ingram,IngrMa01
27,Malcolm Jenkins,JenkMa99
6,Brian Johnson,JohnBr05
83,Juwan Johnson,JohnJu02
21,Tony Jones,JoneTo04
94,Cameron Jordan,JordCa00
41,Alvin Kamara,KamaAl00
90,Tanoh Kpassagnon,KpasTa00
66,Forrest Lamp,LampFo00
23,Marshon Lattimore,LattMa01
19,Brett Maher,MaheBr01
54,Justin March,MarcJu00
78,Erik McCoy,McCoEr01
54,Wynton McManis,McMaWy00
36,Jordan Miller,MillJo05
66,Jordan Mills,MillJo02
88,Ty Montgomery,MontTy01
79,Kyle Murphy,MurpKy00
93,David Onyemata,OnyeDa00
28,Devine Ozigbo,OzigDe01
6,Cody Parkey,ParkCo03
75,Andrus Peat,PeatAn00
46,Adam Prentice,PrenAd00
71,Ryan Ramczyk,RamcRy00
62,Austin Reiter,ReitAu00
70,Christian Ringo,RingCh00
97,Malcolm Roach,RoacMa01
21,Bradley Roby,RobyBr00
6,Aldrick Rosas,RosaAl00
51,Cesar Ruiz,RuizCe00
35,KeiVarae Russell,RussKe00
15,Trevor Siemian,SiemTr00
10,Tre'Quan Smith,SmitTr03
12,Kenny Stills,StilKe00
32,Bryce Thompson,ThomBr03
76,Calvin Throckmorton,ThroCa01
82,Adam Trautman,TrauAd00
31,Desmond Trufant,TrufDe00
98,Payton Turner,TurnPa02
99,Shy Tuttle,TuttSh00
81,Nick Vannett,VannNi00
24,Dwayne Washington,WashDw00
20,Pete Werner,WernPe00
91,Ethan Westbrooks,WestEt00
17,Kevin White,WhitKe00
43,Marcus Williams,WillMa06
26,P.J. Williams,WillP.00
18,Easop Winston,WinsEa00
2,Jameis Winston,WinsJa00
86,Ethan Wolf,WolfEt00
49,Zach Wood,WoodZa00
67,Landon Young,YounLa00